count,Entity,Country1,Country2,Country3,Country4,Country5,Country6,Country7,Country8,Country9,Country10,Countries
3,Amerikai Egyesült Állam,United States of America,,,,,,,,,,Afghanistan
5,Egyesült Államo,United States of America,,,,,,,,,,Albania
67,Egyesült Államok,United States of America,,,,,,,,,,Algeria
3,Amerikai Egyesült Államok,United States of America,,,,,,,,,,Andorra
8,Egyesült Államok,United States of America,,,,,,,,,,Angola
10,Egyesült Állam,United States of America,,,,,,,,,,Anguilla
21,Amerikai Egyesült Államok,United States of America,,,,,,,,,,Antigua & Barbuda
2,Egyesült Ál-,United States of America,,,,,,,,,,Argentina
2,Egyesült Álla-,United States of America,,,,,,,,,,Armenia
3,Egyesült Állam,United States of America,,,,,,,,,,Aruba
66,Szovjetunió,Russia,,,,,,,,,,Australia
7,Szovjetunio,Russia,,,,,,,,,,Austria
2,a Szovjetunió határ,Russia,,,,,,,,,,Azerbaijan
4,Olasz-,Italy,,,,,,,,,,Bahamas
5,Olasz Királyság,Italy,,,,,,,,,,Bahrain
2,Milyen,x,,,,,,,,,,Bangladesh
3,milyen,x,,,,,,,,,,Barbados
181,Németország,Germany,,,,,,,,,,Belarus
6,Német-,Germany,,,,,,,,,,Belgium
19,Osztrák–Magyar Monarchia,Austria,,,,,,,,,,Belize
3,Osztrák–Magyar Monarchia,Austria,,,,,,,,,,Benin
3,az Osztrák–magyar Monarchia,Austria,,,,,,,,,,Bermuda
10,Osztrák–magyar Monarchia,Austria,,,,,,,,,,Bhutan
6,az Osztrák–Magyar Monarchia,Austria,,,,,,,,,,Bolivia
3,a Monarchia,Austria,,,,,,,,,,Bosnia & Herzegovina
37,Monarchia,Austria,,,,,,,,,,Botswana
2,Osztrák–magyar Monarchia,Austria,,,,,,,,,,Brazil
7,Poroszország,Germany,,,,,,,,,,British Virgin Islands
2,Szovjet-Oroszország,Russia,,,,,,,,,,Brunei
72,Oroszország,Russia,,,,,,,,,,Bulgaria
3,Szentpétervár,Russia,,,,,,,,,,Burkina Faso
8,Pétervár,Russia,,,,,,,,,,Burundi
2,az ország lakosság,x,,,,,,,,,,Cambodia
2,Lakosság,x,,,,,,,,,,Cameroon
2,Gárdonyi,Hungary,,,,,,,,,,Canada
2,Gárdonyit,Hungary,,,,,,,,,,Cape Verde
3,Gárdonyi Géza,Hungary,,,,,,,,,,Cayman Islands
6,BULG Á R,Bulgaria,,,,,,,,,,Central Arfrican Republic
4,BULGÁ R I,Bulgaria,,,,,,,,,,Chad
3,Nemzeti Munkapárt,x,,,,,,,,,,Chile
2,Nemze-,x,,,,,,,,,,China
2,Charlie,x,,,,,,,,,,Colombia
2,Charles Darwin,United Kingdom,,,,,,,,,,Congo
4,Libéria,Liberia,,,,,,,,,,Cook Islands
3,Szibéria,Russia,,,,,,,,,,Costa Rica
11,Tanácsköztársaság,Hungary,,,,,,,,,,Cote D Ivoire
3,a Tanácsköztársaság,Hungary,,,,,,,,,,Croatia
3,Írország,Ireland,,,,,,,,,,Cuba
2,Bajorország,Germany,,,,,,,,,,Curacao
14,Ázsia,xx,,,,,,,,,,Cyprus
3,Kelet-Ázsia,xx,,,,,,,,,,Czech Republic
2,Délkelet-Ázsia,xx,,,,,,,,,,Denmark
4,Okok és következmények,x,,,,,,,,,,Djibouti
3,Ok és következmény,x,,,,,,,,,,Dominica
2,ez,x,,,,,,,,,,Dominican Republic
2,Miklós,x,,,,,,,,,,Ecuador
6,0. Miklós,Russia,,,,,,,,,,Egypt
11,II. Miklós,Russia,,,,,,,,,,El Salvador
2,V. György,United Kingdom,,,,,,,,,,Equatorial Guinea
2,0. György,United Kingdom,,,,,,,,,,Eritrea
11,Roosevelt,United States of America,,,,,,,,,,Estonia
4,Frankli Delano Roosevelt,United States of America,,,,,,,,,,Ethiopia
4,Szent-Györgyi Albert,Hungary,,,,,,,,,,Falkland Islands
2,Szent-Györgyi,Hungary,,,,,,,,,,Faroe Islands
25,Lengyelország,Poland,,,,,,,,,,Fiji
5,Lengyel-,Poland,,,,,,,,,,Finland
3,Magyar Nemzeti Bank,Hungary,,,,,,,,,,France
3,Magyar Nemzeti Tanács,Hungary,,,,,,,,,,French Polynesia
2,Darányi  Kálmán,Hungary,,,,,,,,,,French West Indies
3,Darányi Kálmán,Hungary,,,,,,,,,,Gabon
15,0. Napóleon,France,,,,,,,,,,Gambia
3,III. Napóleon,France,,,,,,,,,,Georgia
3,Napóleon,France,,,,,,,,,,Germany
3,II. Viktor Emánuel,Italy,,,,,,,,,,Ghana
2,Viktor Emánuel,Italy,,,,,,,,,,Gibraltar
2,0. Viktor Emánuel,Italy,,,,,,,,,,Greece
3,Tiszántúlt,Hungary,,,,,,,,,,Greenland
3,Tiszántúl,Hungary,,,,,,,,,,Grenada
2,Tiszán-,Hungary,,,,,,,,,,Guam
2,Tiszán,Hungary,,,,,,,,,,Guatemala
2,0. Vilmos,Germany,,,,,,,,,,Guernsey
9,II. Vilmos,Germany,,,,,,,,,,Guinea
2,Theodor Herzl,Austria,,,,,,,,,,Guinea Bissau
3,Herzl,Austria,,,,,,,,,,Guyana
8,ÖsszegzésOkok és következmények,x,,,,,,,,,,Haiti
7,ÖsszegzésOkok,x,,,,,,,,,,Honduras
4,Népszövetségbe,x,,,,,,,,,,Hong Kong
9,Népszövetség,x,,,,,,,,,,Hungary
5,0. Károly,Hungary,,,,,,,,,,Iceland
8,IV. Károly,Hungary,,,,,,,,,,India
2,DIA,x,,,,,,,,,,Indonesia
2,LOMBARDIA,Italy,,,,,,,,,,Iran
2,Keynes,United Kingdom,,,,,,,,,,Iraq
2,John Maynard Keynes,United Kingdom,,,,,,,,,,Ireland
2,Andrássy,Hungary,,,,,,,,,,Isle of Man
5,Andrássy Gyula,Hungary,,,,,,,,,,Israel
2,Andrássy Gyulát,Hungary,,,,,,,,,,Italy
2,BELGIU,Belgium,,,,,,,,,,Jamaica
6,BELGIUM,Belgium,,,,,,,,,,Japan
2,Musztafa Kemál,Turkey,,,,,,,,,,Jersey
2,Kemál,Turkey,,,,,,,,,,Jordan
6,Gömbös,Hungary,,,,,,,,,,Kazakhstan
14,Gömbös Gyula,Hungary,,,,,,,,,,Kenya
7,Berlin,Germany,,,,,,,,,,Kiribati
19,Berli,Germany,,,,,,,,,,Kosovo
3,Német Szövetség,Germany,,,,,,,,,,Kuwait
3,Északnémet Szövetség,Germany,,,,,,,,,,Kyrgyzstan
3,Földközi-tenger,x,,,,,,,,,,Laos
3,Föld,x,,,,,,,,,,Latvia
3,SA,x,,,,,,,,,,Lebanon
5,USA,United States of America,,,,,,,,,,Lesotho
14,Szeged,Hungary,,,,,,,,,,Liberia
2,Szegedi Napló,Hungary,,,,,,,,,,Libya
8,Debrec,Hungary,,,,,,,,,,Liechtenstein
3,Debrecen,Hungary,,,,,,,,,,Lithuania
29,Csehszlovákia,Czech Republic,Slovakia,,,,,,,,,Luxembourg
8,Szlovákia,Slovakia,,,,,,,,,,Macau
7,Felvidék,Slovakia,,,,,,,,,,Macedonia
2,Felvidékre,Slovakia,,,,,,,,,,Madagascar
3,Vörös Hadsereg,Russia,,,,,,,,,,Malawi
23,Vörös Hadsereg,Russia,,,,,,,,,,Malaysia
2,a Vörös Hadsereg,Russia,,,,,,,,,,Maldives
4,Összegzés,x,,,,,,,,,,Mali
4,ÖsszegzésVáltozás és folytonosság,x,,,,,,,,,,Malta
2,Kongresszus Párt,India,,,,,,,,,,Marshall Islands
2,Kongresszus,x,,,,,,,,,,Mauritania
4,történelmi jelentőség,x,,,,,,,,,,Mauritius
22,Történelmi jelentőség,x,,,,,,,,,,Mexico
6,mi,x,,,,,,,,,,Micronesia
4,Imrédy,Hungary,,,,,,,,,,Moldova
8,Imrédy Béla,Hungary,,,,,,,,,,Monaco
16,Habsburg Birodalom,Austria,,,,,,,,,,Mongolia
6,Habsburg,Austria,,,,,,,,,,Montenegro
2,Nagaszaki,Japan,,,,,,,,,,Montserrat
24,Bismarck,Germany,,,,,,,,,,Morocco
2,Otto von Bismarck,Germany,,,,,,,,,,Mozambique
27,Lenin,Russia,,,,,,,,,,Myanmar
6,Leningrád,Russia,,,,,,,,,,Namibia
2,Magyaror-,Hungary,,,,,,,,,,Nauro
3,Magyar,Hungary,,,,,,,,,,Nepal
253,Magyarország,Hungary,,,,,,,,,,Netherlands
2,Magyarok,Hungary,,,,,,,,,,Netherlands Antilles
8,Amerika,xx,,,,,,,,,,New Caledonia
5,Észak-Amerika,United States of America,Canada,Mexico,,,,,,,,New Zealand
2,Történelem,x,,,,,,,,,,Nicaragua
2,T,x,,,,,,,,,,Niger
3,Történelmi nézőpont,x,,,,,,,,,,Nigeria
4,Móricz Zsigmond,Hungary,,,,,,,,,,North Korea
6,Z,x,,,,,,,,,,Norway
2,Mahátma Gandhi,India,,,,,,,,,,Oman
9,Gandhi,India,,,,,,,,,,Pakistan
2,Frontvonalak,x,,,,,,,,,,Palau
15,Frontvonal,x,,,,,,,,,,Palestine
3,Dunai Konföderáció,x,,,,,,,,,,Panama
2,Konföderáció,x,,,,,,,,,,Papua New Guinea
2,Károlyi Gyula,Hungary,,,,,,,,,,Paraguay
11,Károlyi,Hungary,,,,,,,,,,Peru
8,Garibaldi,Italy,,,,,,,,,,Philippines
2,Giuseppe Garibaldi,Italy,,,,,,,,,,Poland
2,Olaszország-,Italy,,,,,,,,,,Portugal
68,Olaszország,Italy,,,,,,,,,,Puerto Rico
3,Német Birodalom,Germany,,,,,,,,,,Qatar
4,a Német Birodalom,Germany,,,,,,,,,,Reunion
3,Abraham Lincoln,United States of America,,,,,,,,,,Romania
6,Lincoln,United States of America,,,,,,,,,,Russia
2,Babits,Hungary,,,,,,,,,,Rwanda
2,Babits Mihály,Hungary,,,,,,,,,,Saint Pierre & Miquelon
11,Balkán-félsziget,Albania,Bosnia & Herzegovina,Bulgaria,Croatia,Greece,Macedonia,Serbia,Slovenia,Montenegro,Romania,Samoa
2,a Balkán-félsziget,Albania,Bosnia & Herzegovina,Bulgaria,Croatia,Greece,Macedonia,Serbia,Slovenia,Montenegro,Romania,San Marino
8,Balkán,Albania,Bosnia & Herzegovina,Bulgaria,Croatia,Greece,Macedonia,Serbia,Slovenia,Montenegro,Romania,Sao Tome and Principe
7,az Egyesült Államok,United States of America,,,,,,,,,,Saudi Arabia
4,Államok,x,,,,,,,,,,Senegal
2,Antant,xx,,,,,,,,,,Serbia
2,Antanthatalmak,xx,,,,,,,,,,Seychelles
2,Szerb–Horvát–Szlovén Királyság,Serbia,Croatia,Slovenia,,,,,,,,Sierra Leone
2,Szerb–Horvát–Szlovén Királyság,Serbia,Croatia,Slovenia,,,,,,,,Singapore
2,Szerb–Horvát–Szlovén Királyság,Serbia,Croatia,Slovenia,,,,,,,,Slovakia
2,Állam,x,,,,,,,,,,Slovenia
2,Pápai Állam,Vatican City,,,,,,,,,,Solomon Islands
10,Szálasi,Hungary,,,,,,,,,,Somalia
4,Szálasi Ferenc,Hungary,,,,,,,,,,South Africa
9,Ferenc,Hungary,,,,,,,,,,South Korea
20,Deák Ferenc,Hungary,,,,,,,,,,South Sudan
3,László,x,,,,,,,,,,Spain
2,Csorba László,Hungary,,,,,,,,,,Sri Lanka
2,Szociáldemokrata,x,,,,,,,,,,St Kitts & Nevis
2,Szociáldemokrata Párt,x,,,,,,,,,,St Lucia
2,Tokió,Japan,,,,,,,,,,St Vincent
2,Kár-,x,,,,,,,,,,Sudan
2,Párizsig,France,,,,,,,,,,Suriname
33,Párizs,France,,,,,,,,,,Swaziland
3,Hollandia,Netherlands,,,,,,,,,,Sweden
2,H,x,,,,,,,,,,Switzerland
2,Árpád,x,,,,,,,,,,Syria
2,Lajtos Árpád,Hungary,,,,,,,,,,Taiwan
6,József,x,,,,,,,,,,Tajikistan
42,Ferenc József,Austria,,,,,,,,,,Tanzania
2,Raoul Wallenberg,Sweden,,,,,,,,,,Thailand
2,Gazdaságok,x,,,,,,,,,,Timor L'Este
14,G,x,,,,,,,,,,Togo
2,Izrael,Israel,,,,,,,,,,Tonga
2,Albán,Albania,,,,,,,,,,Trinidad & Tobago
4,Albánia,Albania,,,,,,,,,,Tunisia
76,Budapest,Hungary,,,,,,,,,,Turkey
3,Buda,Hungary,,,,,,,,,,Turkmenistan
33,Horthy,Hungary,,,,,,,,,,Turks & Caicos
31,Horthy Miklós,Hungary,,,,,,,,,,Tuvalu
21,Bulgária,Bulgaria,,,,,,,,,,Uganda
2,Nagy-Bulgária,Bulgaria,,,,,,,,,,Ukraine
2,Kelet-Közép-,x,,,,,,,,,,United Arab Emirates
6,Kelet-Közép-Európa,xx,,,,,,,,,,United Kingdom
14,Kossuth Lajos,Hungary,,,,,,,,,,United States of America
20,Kossuth,Hungary,,,,,,,,,,Uruguay
4,Bécsbe,Austria,,,,,,,,,,Uzbekistan
21,Bécs,Austria,,,,,,,,,,Vanuatu
6,Klebelsberg,Hungary,,,,,,,,,,Vatican City
4,Klebelsberg Kunó,Hungary,,,,,,,,,,Venezuela
12,Kárpátalja,Ukraine,,,,,,,,,,Vietnam
2,Kárpátal,Ukraine,,,,,,,,,,Virgin Islands (US)
2,Oszmán Birodalomban,Turkey,,,,,,,,,,Yemen
2,Oszmán Birodalom,Turkey,,,,,,,,,,Zambia
26,Oszmán Birodalom,Turkey,,,,,,,,,,Zimbabwe
4,HO L,Netherlands,,,,,,,,,,Europe
2,HO L LA,Netherlands,,,,,,,,,,X
4,Dél-Afrika,South Africa,,,,,,,,,,
14,Afrika,x,,,,,,,,,,
2,Hyppoli,x,,,,,,,,,,
2,János,x,,,,,,,,,,
2,Libényi János,Hungary,,,,,,,,,,
4,Teleki László,Hungary,,,,,,,,,,
15,Teleki,Hungary,,,,,,,,,,
3,Bártfa,Hungary,,,,,,,,,,
47,Sztáli,Russia,,,,,,,,,,
4,Sztálin,Russia,,,,,,,,,,
9,Sztálingrád,Russia,,,,,,,,,,
4,Heydrich,Germany,,,,,,,,,,
3,Reinhard Heydrich,Germany,,,,,,,,,,
2,Európá-,x,,,,,,,,,,
2,M O K,x,,,,,,,,,,
4,Voronyezs,Russia,,,,,,,,,,
2,Kodály Zoltán,Hungary,,,,,,,,,,
11,Britannia,United Kingdom,,,,,,,,,,
58,Nagy-Britannia,United Kingdom,,,,,,,,,,
4,Midway-sziget,United States of America,Japan,,,,,,,,,
6,Széchenyi István,Hungary,,,,,,,,,,
5,Széchenyi,Hungary,,,,,,,,,,
2,Pesti Napló,Hungary,,,,,,,,,,
5,Pest,Hungary,,,,,,,,,,
6,Kállay Miklós,Hungary,,,,,,,,,,
2,JORDÁNIA,Jordan,,,,,,,,,,
3,DÁNIA,Denmark,,,,,,,,,,
2,NIA,x,,,,,,,,,,
6,Függetlenségi Párt,x,,,,,,,,,,
2,Függetlenségi,x,,,,,,,,,,
2,Béla,x,,,,,,,,,,
8,Kun Béla,Hungary,,,,,,,,,,
5,Auschwitz,Poland,Germany,,,,,,,,,
9,Szajna,France,,,,,,,,,,
2,Szajn,France,,,,,,,,,,
5,Bárdossy László,Hungary,,,,,,,,,,
2,Marne,x,,,,,,,,,,
9,M,x,,,,,,,,,,
2,Benito,x,,,,,,,,,,
3,Benito Mussolini,Italy,,,,,,,,,,
2,Bombatámadás,x,,,,,,,,,,
88,Európa,x,,,,,,,,,,
12,Nyugat-Európa,xx,,,,,,,,,,
11,Churchill,United Kingdom,,,,,,,,,,
6,Winston Churchill,United Kingdom,,,,,,,,,,
3,Sándor,x,,,,,,,,,,
5,Wekerle Sándor,Hungary,,,,,,,,,,
2,Szent Istvánt,Hungary,,,,,,,,,,
3,Szent István,Hungary,,,,,,,,,,
7,Bethlen,Hungary,,,,,,,,,,
16,Bethlen István,Hungary,,,,,,,,,,
3,Albert,X,,,,,,,,,,
3,Apponyi Albert,Hungary,,,,,,,,,,
3,Lettország,Latvia,,,,,,,,,,
2,Márciusi Fron,Hungary,,,,,,,,,,
2,Sobibór,Poland,Germany,,,,,,,,,
5,Délvidék,Serbia,,,,,,,,,,
2,O M,x,,,,,,,,,,
3,L O M,x,,,,,,,,,,
2,Werth Henrik,Hungary,,,,,,,,,,
2,Erdélynek,Romania,,,,,,,,,,
2,Majdanek,Poland,Germany,,,,,,,,,
40,Szerbia,Serbia,,,,,,,,,,
2,Szerb,Serbia,,,,,,,,,,
2,VÁMOS NORBERT,Hungary,,,,,,,,,,
32,R,x,,,,,,,,,,
3,Rommel,Germany,,,,,,,,,,
2,Erwin Rommel,Germany,,,,,,,,,,
3,Barcza György,Hungary,,,,,,,,,,
2,Észak-,x,,,,,,,,,,
2,Észak-Itália,Italy,,,,,,,,,,
2,Korea,South Korea,North Korea,,,,,,,,,
11,a,x,,,,,,,,,,
2,George Gershwin,United States of America,,,,,,,,,,
12,Honvédség,x,,,,,,,,,,
2,Macedón,Macedonia,,,,,,,,,,
2,Macedónia,Macedonia,,,,,,,,,,
2,Dunkerque,France,Germany,United Kingdom,,,,,,,,
4,Molotov,Russia,,,,,,,,,,
2,Nobel-díj,Sweden,,,,,,,,,,
2,Német támadás,Germany,,,,,,,,,,
85,Hitler,Germany,,,,,,,,,,
5,Adolf Hitler,Germany,,,,,,,,,,
2,Szent Szövetség,Germany,Austria,Russ,,,,,,,,
2,Szövetség,x,,,,,,,,,,
5,Elzász-Lotaringia,France,,,,,,,,,,
2,Lotaringia,France,,,,,,,,,,
2,Megállapodás,x,,,,,,,,,,
2,Észtország,Estonia,,,,,,,,,,
2,Alexander Bach,Austria,,,,,,,,,,
2,Bach,Austria,,,,,,,,,,
2,Norvégia,Norway,,,,,,,,,,
5,Finnország,Finland,,,,,,,,,,
3,Robert Capa,United States of America,,,,,,,,,,
6,NSDAP,Germany,,,,,,,,,,
2,Békésy,Hungary,,,,,,,,,,
3,Odera,Germany,,,,,,,,,,
2,R O R,x,,,,,,,,,,
2,Einstein,Germany,,,,,,,,,,
3,Monte Cassino,Italy,United States of America,,,,,,,,,
2,á L,x,,,,,,,,,,
22,Károlyi Mihály,Hungary,,,,,,,,,,
3,Mihály,x,,,,,,,,,,
2,Jezsov,Russia,,,,,,,,,,
2,Eucharisztikus Világkongresszus,x,,,,,,,,,,
2,Csepel,Hungary,,,,,,,,,,
2,Vix-jegyzék,Hungary,France,,,,,,,,,
2,Miről,x,,,,,,,,,,
7,Besszarábia,Romania,,,,,,,,,,
4,Gestapo,Germany,,,,,,,,,,
2,Rongyos Gárda,Hungary,,,,,,,,,,
4,az Oszmán Birodalom,Turkey,,,,,,,,,,
4,az,x,,,,,,,,,,
2,Szíria,Syria,,,,,,,,,,
2,Mein Kampf,Germany,,,,,,,,,,
3,Atlanti Charta,United States of America,United Kingdom,,,,,,,,,
2,LITVÁNIA,Lithuania,,,,,,,,,,
3,Kálmán,x,,,,,,,,,,
5,Kandó Kálmán,Hungary,,,,,,,,,,
2,Általános Munkáspárt,Hungary,,,,,,,,,,
6,Á,x,,,,,,,,,,
3,y,x,,,,,,,,,,
2,Eszterházy Károly Egyetem,Hungary,,,,,,,,,,
3,Független Kisgazdapárt,Hungary,,,,,,,,,,
2,Antwerpen,Netherlands,,,,,,,,,,
2,Edelsheim-Gyulai Ilona,Hungary,,,,,,,,,,
3,Észak-Erdély,Romania,,,,,,,,,,
15,Erdély,Romania,,,,,,,,,,
2,Pestújhely,Hungary,,,,,,,,,,
2,Nagy-Br,United Kingdom,,,,,,,,,,
2,Nagy-Britan-,United Kingdom,,,,,,,,,,
9,Nagy-,x,,,,,,,,,,
2,Steindl Imre,Hungary,,,,,,,,,,
18,Tisza Kálmán,Hungary,,,,,,,,,,
36,Tisza,Hungary,,,,,,,,,,
2,FR ANC,France,,,,,,,,,,
5,Pearl Harbor,United States of America,Japan,,,,,,,,,
3,Ujlaki Antal,Hungary,,,,,,,,,,
4,Ujlaki,Hungary,,,,,,,,,,
2,N É M,x,,,,,,,,,,
3,É M,x,,,,,,,,,,
3,MSZDP,Hungary,,,,,,,,,,
4,G Y,x,,,,,,,,,,
2,G YAR MONARCHIA,Austria,,,,,,,,,,
2,Gyűjtsü,x,,,,,,,,,,
2,Uganda,Uganda,,,,,,,,,,
5,U,x,,,,,,,,,,
2,Pesthidegkút,Hungary,,,,,,,,,,
31,Jugoszlávia,Serbia,Croatia,Macedonia,Montenegro,Slovenia,Bosnia & Herzegovina,,,,,
3,Kirov,Russia,,,,,,,,,,
2,Bernard Montgomery,United Kingdom,,,,,,,,,,
2,Centrál kávéház,Hungary,,,,,,,,,,
5,Don,Russia,,,,,,,,,,
5,Szolnok,Hungary,,,,,,,,,,
5,Ferenc Ferdinánd,Austria,,,,,,,,,,
3,Tekint,x,,,,,,,,,,
2,VIC H,x,,,,,,,,,,
3,Népbiztosok Tanácsa,x,,,,,,,,,,
5,Verdun,France,Germany,,,,,,,,,
7,Munkács,Ukraine,,,,,,,,,,
2,ORSZÁG,x,,,,,,,,,,
8,Nemzeti Hadsereg,x,,,,,,,,,,
2,Ante Pavelić,Croatia,,,,,,,,,,
2,Jókai Mór,Hungary,,,,,,,,,,
2,Szilárd,x,,,,,,,,,,
5,Elba,x,,,,,,,,,,
2,Liga,x,,,,,,,,,,
3,El-Alamein,Egypt,United Kingdom,,,,,,,,,
3,MA G Y,x,,,,,,,,,,
2,KOLOZS,x,,,,,,,,,,
4,Távol-Kelet,xx,,,,,,,,,,
4,Appell,x,,,,,,,,,,
3,MNB,Hungary,,,,,,,,,,
2,Egyesült Királyság,United Kingdom,,,,,,,,,,
4,Kovács Imre,Hungary,,,,,,,,,,
2,Németh László,Hungary,,,,,,,,,,
2,Maginot-vonal,France,,,,,,,,,,
2,Neville Chamberlain,United Kingdom,,,,,,,,,,
2,Chamberlain,United Kingdom,,,,,,,,,,
4,Rothermere,United Kingdom,,,,,,,,,,
2,Lord Rothermere,United Kingdom,,,,,,,,,,
3,Führer,Germany,,,,,,,,,,
18,Duna,x,,,,,,,,,,
2,Henri Dunan,United Kingdom,,,,,,,,,,
4,Liverpool,United Kingdom,,,,,,,,,,
4,ver,x,,,,,,,,,,
4,Országház,x,,,,,,,,,,
4,Ország,x,,,,,,,,,,
2,Békás-,x,,,,,,,,,,
5,Litvánia,Lithuania,,,,,,,,,,
2,s Z L O V,x,,,,,,,,,,
2,George Orwell,United Kingdom,,,,,,,,,,
8,Lajtán,Slovenia,,,,,,,,,,
2,PekingSárga-f,China,,,,,,,,,,
5,Hindenburg,Germany,,,,,,,,,,
3,Charles de Gaulle,France,,,,,,,,,,
3,Londonba,United Kingdom,,,,,,,,,,
14,London,United Kingdom,,,,,,,,,,
90,Franciaország,France,,,,,,,,,,
2,Franciaországe,France,,,,,,,,,,
2,Márai Sándor,Hungary,,,,,,,,,,
5,Fiume,Croatia,,,,,,,,,,
4,Harmadik Birodalom,Germany,,,,,,,,,,
2,RO,x,,,,,,,,,,
2,Mikszáth,Hungary,,,,,,,,,,
3,Mikszáth Kálmán,Hungary,,,,,,,,,,
2,Északi-tenger,x,,,,,,,,,,
2,ki,x,,,,,,,,,,
6,Szovjet támadás,Russia,,,,,,,,,,
3,Vichy,France,,,,,,,,,,
9,Nyugat,x,,,,,,,,,,
2,Nyugati pu.,Hungary,,,,,,,,,,
2,Republikánus Párt,United States of America,,,,,,,,,,
2,Párt,x,,,,,,,,,,
8,Szudéta-vidék,Czech Republic,,,,,,,,,,
5,Internacionálé,Russia,,,,,,,,,,
4,Kommunista Internacionálé,Russia,,,,,,,,,,
2,az őszirózsás forradalom,Hungary,,,,,,,,,,
4,Húsvéti,x,,,,,,,,,,
6,Kronológia,x,,,,,,,,,,
3,Bukarest,Romania,,,,,,,,,,
2,Harold,x,,,,,,,,,,
2,Feszty-körkép,Hungary,,,,,,,,,,
2,T Ö R Ö K O R s Z,Turkey,,,,,,,,,,
3,Határozati Párt,Hungary,,,,,,,,,,
2,Joseph Goebbels,Germany,,,,,,,,,,
3,Barto Béla,Hungary,,,,,,,,,,
5,Gyorshadtest,Hungary,,,,,,,,,,
2,Richter Gedeon,Hungary,,,,,,,,,,
2,Zsidó lakosság,x,,,,,,,,,,
2,a nyugati szövetséges,x,,,,,,,,,,
2,David Lloyd George,United Kingdom,,,,,,,,,,
4,T O R s Z Á G,x,,,,,,,,,,
2,Napkelet,x,,,,,,,,,,
4,Georges Clemenceau,France,,,,,,,,,,
4,Somme,France,,,,,,,,,,
3,Nemzeti Párt,x,,,,,,,,,,
2,Habsburg-ház,Austria,,,,,,,,,,
2,Forradalmi Kormányzótanács,x,,,,,,,,,,
4,Gyulafehérvár,Romania,,,,,,,,,,
2,Codreanu,France,,,,,,,,,,
2,Puskás Tivadar,Hungary,,,,,,,,,,
3,Saar-vidék,France,,,,,,,,,,
2,s V Á J C,Switzerland,,,,,,,,,,
2,Radnóti Miklós,Hungary,,,,,,,,,,
2,Rajnán,Germany,,,,,,,,,,
3,Kós Károly,Hungary,,,,,,,,,,
2,GÖMÖR,x,,,,,,,,,,
3,Szerb Antal,Hungary,,,,,,,,,,
2,Szentes,Hungary,,,,,,,,,,
6,Újvidék,Serbia,,,,,,,,,,
4,N,x,,,,,,,,,,
2,ISBN 978-963-436-140-4,x,,,,,,,,,,
4,Hirosima,Japan,,,,,,,,,,
5,NDIA,x,,,,,,,,,,
2,Hitlerre,Germany,,,,,,,,,,
2,mely,x,,,,,,,,,,
2,Garami Ernő,Hungary,,,,,,,,,,
3,Marx,Germany,,,,,,,,,,
2,Pestszentlőrinc,Hungary,,,,,,,,,,
2,Csömör,Hungary,,,,,,,,,,
3,Kijev,Ukraine,,,,,,,,,,
2,gárdonyi,Hungary,,,,,,,,,,
3,Buchenwald,Germany,,,,,,,,,,
4,N Y O L,x,,,,,,,,,,
2,Bay Zoltán,Hungary,,,,,,,,,,
2,N O R,x,,,,,,,,,,
2,Ideiglenes Nemzetgyűlés,x,,,,,,,,,,
2,Csehszlova Nemzeti Tanács,Czech Republic,Slovakia,,,,,,,,,
2,Szun Jat-sz,x,,,,,,,,,,
3,Bajcsy-Zsilinszky Endre,Hungary,,,,,,,,,,
3,H O L,x,,,,,,,,,,
3,Sztójay,Hungary,,,,,,,,,,
2,Niemöller,x,,,,,,,,,,
3,Manchester,United Kingdom,,,,,,,,,,
3,Siófok,Hungary,,,,,,,,,,
13,Kolozsvár,Romania,,,,,,,,,,
2,TOLNA,Hungary,,,,,,,,,,
3,MÁV,Hungary,,,,,,,,,,
2,Komárom,Hungary,,,,,,,,,,
3,Port Arthur,Australia,,,,,,,,,,
2,Chicago,United States of America,,,,,,,,,,
4,Nagyatádi,Hungary,,,,,,,,,,
2,Nemzetközi Vöröskereszt,x,,,,,,,,,,
2,Rerum Novarum,Vatican City,,,,,,,,,,
2,Rákosszentmihály,Hungary,,,,,,,,,,
2,Újpest,Hungary,,,,,,,,,,
2,Afganisztán,Afghanistan,,,,,,,,,,
2,Nizza,France,,,,,,,,,,
2,Orosz hadmozdulat,Russia,,,,,,,,,,
3,Drezda,Germany,,,,,,,,,,
2,Rothschildok,Germany,,,,,,,,,,
3,Vámos Norbert,Hungary,,,,,,,,,,
3,Felirati Párt,Hungary,,,,,,,,,,
2,Mezőgazdasági,x,,,,,,,,,,
4,Kultúra,x,,,,,,,,,,
2,jog,x,,,,,,,,,,
3,Svájc,Switzerland,,,,,,,,,,
2,Katolikus Néppárt,Hungary,,,,,,,,,,
2,AUS Z T R,Austria,,,,,,,,,,
2,Hódmezővásárhely,Hungary,,,,,,,,,,
2,Resicabánya,Romania,,,,,,,,,,
2,Alföld,Hungary,,,,,,,,,,
2,SVÁJC,Switzerland,,,,,,,,,,
4,Krakkó,Poland,,,,,,,,,,
3,Wright,United States of America,,,,,,,,,,
2,Haynau,Austria,,,,,,,,,,
3,Belgrád,Serbia,,,,,,,,,,
10,Görögország,Greece,,,,,,,,,,
2,Kairó,Egypt,,,,,,,,,,
2,Ruhr-,Germany,,,,,,,,,,
9,Győr,Hungary,,,,,,,,,,
2,Rákospalota,Hungary,,,,,,,,,,
10,Trockij,Russia,,,,,,,,,,
2,Athén,Greece,,,,,,,,,,
2,Coco Chanel,France,,,,,,,,,,
3,Baross Gábor,Hungary,,,,,,,,,,
69,Japán,Japan,,,,,,,,,,
2,Nanking,China,Japan,,,,,,,,,
2,Városliget,Hungary,,,,,,,,,,
3,Cavour,Italy,,,,,,,,,,
2,Piemont,Italy,,,,,,,,,,
2,Csoór Gáspár,Hungary,,,,,,,,,,
2,Schmidt,x,,,,,,,,,,
10,Miskolc,Hungary,,,,,,,,,,
3,LEN,x,,,,,,,,,,
3,Glasgow,United Kingdom,,,,,,,,,,
2,Budaörs,Hungary,,,,,,,,,,
7,Dunántúl,Hungary,,,,,,,,,,
2,Nigéria,Nigeria,,,,,,,,,,
3,Solymosi Eszter,Hungary,,,,,,,,,,
2,Vasérc,x,,,,,,,,,,
2,MOVE,x,,,,,,,,,,
3,Fokváros,South Africa,,,,,,,,,,
3,Dánia,Denmark,,,,,,,,,,
3,Bosnyák,Bosnia & Herzegovina,,,,,,,,,,
3,Új-Zéland,New Zealand,,,,,,,,,,
2,Joe Galamb,United States of America,Hungary,,,,,,,,,
3,Vitassu,x,,,,,,,,,,
2,Délnyugat-,x,,,,,,,,,,
4,Roma,Italy,,,,,,,,,,
3,Belga gyarmat,Belgium,,,,,,,,,,
2,Vlagyivosztok,Russia,,,,,,,,,,
2,Ukrajna,Ukraine,,,,,,,,,,
2,Szépművészeti Múzeum,Hungary,,,,,,,,,,
2,YITR,x,,,,,,,,,,
2,Volga,Russia,,,,,,,,,,
29,Mussolini,Italy,,,,,,,,,,
4,Temesvár,Romania,,,,,,,,,,
2,Mátyásföld,Hungary,,,,,,,,,,
3,Kamenyec-Podolszkij,Ukraine,Germany,,,,,,,,,
3,G Y a R,x,,,,,,,,,,
4,O s Z T R Á K,Austria,,,,,,,,,,
2,Cinkota,Hungary,,,,,,,,,,
2,SPANYOL-,Spain,,,,,,,,,,
2,Komintern,x,,,,,,,,,,
2,Collins,x,,,,,,,,,,
3,B U L G Á R,Bulgaria,,,,,,,,,,
2,Dachau,Germany,,,,,,,,,,
9,Olvas,x,,,,,,,,,,
2,B É K,x,,,,,,,,,,
3,Nílus,Egypt,,,,,,,,,,
7,Szabadka,Serbia,,,,,,,,,,
2,I R O D,x,,,,,,,,,,
2,ERBIA,x,,,,,,,,,,
2,TRENCSÉN,Slovakia,,,,,,,,,,
3,Ruszin,Hungary,,,,,,,,,,
4,Apponyi,Hungary,,,,,,,,,,
3,YsÁ,x,,,,,,,,,,
5,Csendes-óceán,x,,,,,,,,,,
2,MANSZ,Hungary,,,,,,,,,,
3,Rotterdam,Netherlands,,,,,,,,,,
2,Königgrätz,Russia,,,,,,,,,,
2,CSA N,x,,,,,,,,,,
2,I N D,x,,,,,,,,,,
10,Dráva,Hungary,,,,,,,,,,
2,Burgenland,Austria,,,,,,,,,,
15,Deák,Hungary,,,,,,,,,,
4,New York,United States of America,,,,,,,,,,
3,Montenegró,Montenegro,,,,,,,,,,
2,Raszputyin,Russia,,,,,,,,,,
5,Tunézia,Tunisia,,,,,,,,,,
3,Baltikum,Estonia,Lithuania,Latvia,,,,,,,,
2,0. Edward,United Kingdom,,,,,,,,,,
2,Rózsa,x,,,,,,,,,,
9,Bosznia-Hercegovina,Bosnia & Herzegovina,,,,,,,,,,
2,Genova,Italy,,,,,,,,,,
2,Unió,x,,,,,,,,,,
9,Palesztina,Palestine,,,,,,,,,,
2,Lónyay Menyhért,Hungary,,,,,,,,,,
3,Richmond,United States of America,,,,,,,,,,
4,Hitlerjugend,Germany,,,,,,,,,,
3,Zóly,x,,,,,,,,,,
2,Nápoly,Italy,,,,,,,,,,
4,Versailles,France,,,,,,,,,,
2,Sedan,France,,,,,,,,,,
7,Parlament,x,,,,,,,,,,
2,Nagykörút,Hungary,,,,,,,,,,
2,Gulag,Russia,,,,,,,,,,
2,Szarajevó,Bosnia & Herzegovina,,,,,,,,,,
2,Szicília,Italy,,,,,,,,,,
2,Savoya,France,,,,,,,,,,
2,Krím,Ukraine,,,,,,,,,,
20,Moszkva,Russia,,,,,,,,,,
11,Visztula,Poland,,,,,,,,,,
2,Siemens,Germany,,,,,,,,,,
8,New Deal,United States of America,,,,,,,,,,
7,Viktória,x,,,,,,,,,,
4,Batthyány Lajos,Hungary,,,,,,,,,,
2,Óbuda,Hungary,,,,,,,,,,
2,Standard Oil,United States of America,,,,,,,,,,
5,Losonc,Slovakia,,,,,,,,,,
3,Eritrea,Eritrea,,,,,,,,,,
11,aSZ,x,,,,,,,,,,
2,Magyar Hiszekegy,x,,,,,,,,,,
4,Eötvös József,Hungary,,,,,,,,,,
4,00. Leó,Vatican City,,,,,,,,,,
11,Danz,Poland,,,,,,,,,,
7,Német Császárság,Germany,,,,,,,,,,
3,Cseh-,Czech Republic,,,,,,,,,,
2,Atlanti-óceán,x,,,,,,,,,,
3,Erzsébet,x,,,,,,,,,,
2,Erzsébetfalva,Hungary,,,,,,,,,,
7,Egyiptom,Egypt,,,,,,,,,,
2,Egyiptomban,Egypt,,,,,,,,,,
2,Schlieffen-terv,Germany,,,,,,,,,,
2,Pángermán Szövetség,Germany,,,,,,,,,,
2,Sepsiszentgyörgy,Romania,,,,,,,,,,
4,Rozsnyó,Slovakia,,,,,,,,,,
4,Szigetvár,Hungary,,,,,,,,,,
2,Szomália,Somalia,,,,,,,,,,
4,Velence,x,,,,,,,,,,
2,Isonzó,Italy,,,,,,,,,,
4,Részlet,x,,,,,,,,,,
2,Portugál gyarmat,Portugal,,,,,,,,,,
9,Dnyeszter,Moldova,,,,,,,,,,
2,politikai,x,,,,,,,,,,
2,Hasonlítsu,x,,,,,,,,,,
5,Anschluss,Germany,Austria,,,,,,,,,
3,Koppenhág,Denmark,,,,,,,,,,
3,Hamburg,Germany,,,,,,,,,,
6,Dawes-terv,United States of America,Germany,,,,,,,,,
10,Száva,Slovenia,Croatia,,,,,,,,,
4,Ausztrália,Australia,,,,,,,,,,
2,Meghódított terület,x,,,,,,,,,,
3,Perzsia,Iran,,,,,,,,,,
2,Irkutszk,Russia,,,,,,,,,,
2,Solferino,Italy,,,,,,,,,,
2,magas Szerződő Felek,x,,,,,,,,,,
2,Budafok,Hungary,,,,,,,,,,
10,Sopron,Hungary,,,,,,,,,,
16,Wilson,United States of America,,,,,,,,,,
4,Thomas Woodrow Wilson,United States of America,,,,,,,,,,
2,Rima-,x,,,,,,,,,,
2,Fülöp-sziget,Philippines,,,,,,,,,,
3,Himnusz,x,,,,,,,,,,
2,Szárazajtai Incze Kálmán,Hungary,,,,,,,,,,
4,Kelet-Afrika,xx,,,,,,,,,,
2,Üröm,Hungary,,,,,,,,,,
3,Ír Szabad Állam,Ireland,,,,,,,,,,
4,Dnyeper,Moldova,,,,,,,,,,
2,Francia Köztársaság,France,,,,,,,,,,
2,Hajós Alfréd,Hungary,,,,,,,,,,
4,Francia gyarmat,France,,,,,,,,,,
3,SZL O V á K,Slovakia,,,,,,,,,,
3,Illyés Gyula,Hungary,,,,,,,,,,
19,Köztes-Európa,x,,,,,,,,,,
3,N DIA,x,,,,,,,,,,
2,MÁNI,x,,,,,,,,,,
2,Kosztolányi Dezső,Hungary,,,,,,,,,,
2,Mandzsukuo,China,,,,,,,,,,
12,Pécs,Hungary,,,,,,,,,,
2,Prág,Czech Republic,,,,,,,,,,
2,Man-,x,,,,,,,,,,
2,Klapka György,Hungary,,,,,,,,,,
12,Belgium,Belgium,,,,,,,,,,
2,Vlagyimir Iljics Uljanov,Russia,,,,,,,,,,
5,Nyíregyháza,Hungary,,,,,,,,,,
13,Varsó,Poland,,,,,,,,,,
3,Ganz Ábrahám,Hungary,,,,,,,,,,
2,Lusitania,United States of America,Germany,,,,,,,,,
15,India,India,,,,,,,,,,
2,Marokkó,Morocco,,,,,,,,,,
2,Dél-,x,,,,,,,,,,
7,Spanyolország,Spain,,,,,,,,,,
2,Washington,United States of America,,,,,,,,,,
2,Bul-,x,,,,,,,,,,
2,Haza,x,,,,,,,,,,
6,Sisi,Austria,,,,,,,,,,
3,miért,x,,,,,,,,,,
12,Róma,Italy,,,,,,,,,,
6,→,x,,,,,,,,,,
2,Kurszk,Russia,,,,,,,,,,
5,Kanada,Canada,,,,,,,,,,
2,Latin-Amerika,xx,,,,,,,,,,
2,Balközép Párt,x,,,,,,,,,,
5,Közép-Európa,xx,,,,,,,,,,
3,N N I,x,,,,,,,,,,
5,München,Germany,,,,,,,,,,
3,Odessza,Ukraine,,,,,,,,,,
14,Pozsony,Slovakia,,,,,,,,,,
2,Justh Gyula,Hungary,,,,,,,,,,
5,Kuomintang,China,,,,,,,,,,
4,Dreyfus,France,,,,,,,,,,
32,Tisza István,Hungary,,,,,,,,,,
6,Etiópia,Ethiopia,,,,,,,,,,
2,Hawaii-sziget,United States of America,,,,,,,,,,
3,Hős tér,x,,,,,,,,,,
6,Marosvásárhely,Hungary,,,,,,,,,,
2,J D Ú,x,,,,,,,,,,
4,MAGYA R O,Hungary,,,,,,,,,,
4,Herczeg Ferenc,Hungary,,,,,,,,,,
2,Operaház,x,,,,,,,,,,
2,MÁRAMAROS,Romania,,,,,,,,,,
4,Kispest,Hungary,,,,,,,,,,
2,DÉ L,x,,,,,,,,,,
5,Jászi Oszkár,Hungary,,,,,,,,,,
3,Szuezi-csatorna,Egypt,,,,,,,,,,
2,Schmerling,Austria,,,,,,,,,,
4,Léva,Slovakia,,,,,,,,,,
2,Független állam,x,,,,,,,,,,
13,Anglia,United Kingdom,,,,,,,,,,
4,Itália,Italy,,,,,,,,,,
3,Szevasztopol,Russia,,,,,,,,,,
3,Adriai-tenger,x,,,,,,,,,,
14,Isten,x,,,,,,,,,,
2,KMP,x,,,,,,,,,,
2,Edison,United States of America,,,,,,,,,,
3,Osztrák Császárság,Austria,,,,,,,,,,
2,ORBAVA,x,,,,,,,,,,
2,Bánffy Dezső,Hungary,,,,,,,,,,
3,Brit gyarmat,United Kingdom,,,,,,,,,,
2,Spanyol gyarmat,Spain,,,,,,,,,,
3,Louis Bonaparte,France,,,,,,,,,,
2,Ybl Miklós,Hungary,,,,,,,,,,
2,Clair Vilmos,Hungary,,,,,,,,,,
2,Iparvidék,x,,,,,,,,,,
2,az állami ipartámogatás,x,,,,,,,,,,
4,Észak-Afrika,xx,,,,,,,,,,
11,Horvátország,Croatia,,,,,,,,,,
2,Egyház,x,,,,,,,,,,
5,Székelyföld,Romania,,,,,,,,,,
4,Galícia,Poland,Ukraine,,,,,,,,,
2,Szahara,xx,,,,,,,,,,
6,Trianon,France,,,,,,,,,,
6,Szárd Királyság,Italy,,,,,,,,,,
9,Arad,Romania,,,,,,,,,,
3,Algéria,Algeria,,,,,,,,,,
22,Teleki Pál,Hungary,,,,,,,,,,
2,Nyugati demokrácia,x,,,,,,,,,,
2,Monarchián,Austria,,,,,,,,,,
2,LIPTÓ,x,,,,,,,,,,
7,Kárpátok,Romania,Ukraine,,,,,,,,,
6,Topográfia,x,,,,,,,,,,
15,Szabadelvű Párt,Hungary,,,,,,,,,,
2,Vajdahunyad,Romania,,,,,,,,,,
3,Mely,x,,,,,,,,,,
8,Nagyvárad,Romania,,,,,,,,,,
3,Mandzsúria,China,,,,,,,,,,
3,Észak és Dél,x,,,,,,,,,,
5,Ford,United States of America,,,,,,,,,,
10,Törökország,Turkey,,,,,,,,,,
49,Ausztria,Austria,,,,,,,,,,
3,Kárpát-medence,Hungary,,,,,,,,,,
2,Marsala,Italy,,,,,,,,,,
29,Kína,China,,,,,,,,,,
6,Líbia,Libya,,,,,,,,,,
2,iii. Napóleon,France,,,,,,,,,,
4,Zágráb,Croatia,,,,,,,,,,
2,Szabad György,Hungary,,,,,,,,,,
2,nyugat-európa,xx,,,,,,,,,,
2,Indokína,Vietnam,,,,,,,,,,
2,M O N,x,,,,,,,,,,
2,Rudolf,x,,,,,,,,,,
4,SS,Germany,,,,,,,,,,
8,hogyan,x,,,,,,,,,,
6,R O M,x,,,,,,,,,,
2,Általános Munkásegylet,x,,,,,,,,,,
4,Euró-,x,,,,,,,,,,
14,Kassa,Slovakia,,,,,,,,,,
2,Olasz gyarmat,Italy,,,,,,,,,,
2,Rimaszombat,Slovakia,,,,,,,,,,
2,Portugália,Portugal,,,,,,,,,,
3,Bibó István,Hungary,,,,,,,,,,
14,Habsburgok,Austria,,,,,,,,,,
6,Vitat,x,,,,,,,,,,
2,Kongó,Congo,,,,,,,,,,
2,Majna,Germany,,,,,,,,,,
2,Kasszandra,x,,,,,,,,,,
2,Szuda,x,,,,,,,,,,
56,Románia,Romania,,,,,,,,,,
3,Vörös Had-,Russia,,,,,,,,,,
6,Szabó István,Hungary,,,,,,,,,,